578080,PUBG Corporation
570,Valve
730,Valve,Hidden Path Entertainment
622590
359550,Ubisoft Montreal
271590,Rockstar North
238960,Grinding Gear Games
230410,Digital Extremes
440,Valve
252950,"Psyonix, Inc."
252490,Facepunch Studios
624090,Sports Interactive
346110,Studio Wildcard,Instinct Games,Efecto Studios,Virtual Basement LLC
4000,Facepunch Studios
8930,Firaxis Games,Aspyr (Mac),Aspyr (Linux)
218620,OVERKILL - a Starbreeze Studio.
227300,SCS Software
107410,Bohemia Interactive
365590,Massive Entertainment
433850,NantG
377160,Bethesda Game Studios
289070,Firaxis Games,Aspyr (Mac),Aspyr (Linux)
444090,Evil Mojo Games
105600,Re-Logic
482730
72850,Bethesda Game Studios
304930,Smartly Dressed Games
476620,Sledgehammer Games,Raven Software
10,Valve
504370,Stunlock Studios
292030,CD PROJEKT RED
381210,Behaviour Digital Inc.
236850,Paradox Development Studio
489830,Bethesda Game Studios
306130,Zenimax Online Studios
236390,Gaijin Entertainment
435150,Larian Studios
394360,Paradox Development Studio
251570,The Fun Pimps
281990,Paradox Development Studio
550,Valve
594570,CREATIVE ASSEMBLY,Feral Interactive (Mac),Feral Interactive (Linux)
221380,Skybox Labs,Hidden Path Entertainment,Ensemble Studios,Forgotten Empires
363970,Playsaurus
582660,Pearl Abyss
255710,Colossal Order Ltd.
214950,CREATIVE ASSEMBLY
601510,Konami Digital Entertainment
386360,Titan Forge Games
294100,Ludeon Studios
413150,ConcernedApe
582160,Ubisoft Montreal
322330,Klei Entertainment
577800,Visual Concepts
444200,Wargaming Group Limited
447020,Giants Software
480
550650,NS STUDIO
427520,Wube Software LTD.
49520,Gearbox Software,Aspyr (Mac),Aspyr (Linux)
291550,Blue Mammoth Games
48700,TaleWorlds Entertainment
374320,"FromSoftware, Inc."
431960,Kristjan Skutta
268500,Firaxis Games,Feral Interactive (Mac),Feral Interactive (Linux)
311290,Grimlore Games,THQ Nordic
240,Valve
39210,Square Enix
203770,Paradox Development Studio
356190,Monolith Productions
253920
378120
242760,Endnight Games Ltd
250900,"Nicalis, Inc."
227940,RETO MOTO
485510,"KOEI TECMO GAMES CO., LTD."
219990,Crate Entertainment
698780,Team Salvato
259360
259340,ToonTRAXX Studios
231430,Relic Entertainment,Feral Interactive (Mac),Feral Interactive (Linux)
291480,My.com
359320,Frontier Developments
386180,Targem Games
364360,CREATIVE ASSEMBLY,Feral Interactive (Linux),Feral Interactive (Mac)
22380,Obsidian Entertainment
244850,Keen Software House
325610,CREATIVE ASSEMBLY
304050,Trion Worlds
298610,Bohemia Interactive
264710,Unknown Worlds Entertainment
322170,RobTop Games
211820,Chucklefish
242920,Shining Rock Software LLC
627690,Codename Entertainment Inc.
453480,"Cygames, Inc."
460930,Ubisoft Paris,Ubisoft Annecy,Ubisoft Bucharest,Ubisoft Montpellier,Ubisoft Milan,Reflections,Ubisoft Belgrade
373420,Larian Studios
8500,CCP
220200,Squad
10500,CREATIVE ASSEMBLY,Feral Interactive (Mac),Feral Interactive (Linux)
4700,CREATIVE ASSEMBLY,Feral Interactive (Mac),Feral Interactive (Linux)
221100,Bohemia Interactive
301520,Freejam
239140,Techland
232090,Tripwire Interactive
457140,Klei Entertainment
55100,Kaos Studios,Digital Extremes
391220,Crystal Dynamics,Eidos-Montréal,Feral Interactive (Mac),Feral Interactive (Linux),Nixxes software
552990,Wargaming Group Limited
466240,Automaton
47890,The Sims Studio
314160,Microsoft Game Studios
305620,Hinterland Studio Inc.
295270
268910,Studio MDHR Entertainment Inc.
628890,"KOEI TECMO GAMES CO., LTD."
109600,Cryptic Studios
612880,Machine Games
738060,Scott Cawthon
270880,SCS Software
592580,"Konami Digital Entertainment Co., Ltd."
475150,Iron Lore Entertainment,THQ Nordic
620,Valve
555570,Fredaikis AB
440900,Funcom
268850,EVGA
34330,CREATIVE ASSEMBLY,Feral Interactive (Mac),Feral Interactive (Linux)
610080,Divine Games
225540,Avalanche Studios
619890,Agar3s
240720,Bennett Foddy
105450,Ensemble Studios
219740,Klei Entertainment
311210,Treyarch,Aspyr (Mac)
493340,Frontier Developments
346010,Spiderling Studios
333930,Splash Damage
438040,Playa Games GmbH
595460,Jason Lovett
383120,Eleon Game Studios
262060,Red Hook Studios
284160,BeamNG
244210,Kunos Simulazioni
389730,BANDAI NAMCO Studios Inc.
518790,Expansive Worlds
446800,Urban Games
222880,New World Interactive
588430,Bethesda Game Studios
346900,Hyper Hippo Games
379720,id Software
323370,"Bluehole, Inc."
218230,Daybreak Game Company
513650
674940,Landfall West
335300,"FromSoftware, Inc"
287700,Konami Digital Entertainment
392110,AMPLITUDE Studios
286160,Berserk Games
411300,Piranha Bytes
385760,Visual Concepts
241930,Monolith Productions,Feral Interactive (Mac),Feral Interactive (Linux)
393380,Offworld Industries
477160,No Brakes Games
33930,Bohemia Interactive
202990,Treyarch
211420,FromSoftware
515220,Codemasters,Feral Interactive (Mac),Feral Interactive (Linux)
228200,Relic Entertainment
200210,Wild Shadow Studios,Deca Games
212740
454650,QLOC,DIMPS
304390,Ubisoft Montreal,Ubisoft Quebec,Ubisoft Toronto,Blue Byte
273110,"Valve Corporation, Nexon Korea Corporation"
473500
42690
295110,Daybreak Game Company
24010,Dovetail Games
10190,Infinity Ward,Aspyr (Mac)
645630,Red Dot Games
476600,Sledgehammer Games,Raven Software
663390,LAN - GAMES EOOD
34030,CREATIVE ASSEMBLY,Feral Interactive (Mac)
378860,Slightly Mad Studios
384300,"StartupTim, LLC",Tim Sullivan
418460,Antimatter Games,Tripwire Interactive
367520,Team Cherry
231670,Sports Interactive
244450,Digitalmindsoft
312660,Rebellion
363150,"KOEI TECMO GAMES CO., LTD."
282070,11 bit studios
380600,Fishing Planet LLC
200510,Firaxis Games,Feral Interactive (Mac),Feral Interactive (Linux)
536930,Square Enix
233450,Introversion Software
280790,Playful Corp.
242050,Ubisoft Montreal
9900,Cryptic Studios
316010,Stainless Games Ltd.
389430,Noah System,Mgame
403640,Arkane Studios
524220,Square Enix,PlatinumGames Inc.
469600,AutoAttack Games
506540,Free Reign Entertainment,Free Reign Entertainment
4760,CREATIVE ASSEMBLY
216150,Nexon
387990,Axolot Games
480490,Arkane Studios
447040,Ubisoft
688470,"Chongqing Shangshixuan Technology Co., Ltd.,"
506140,"Cloudcade, Inc."
402840,Codename Entertainment Inc.
261640,2K Australia,Gearbox Software,Aspyr (Mac),Aspyr (Linux)
364470,"Sparkypants Studios, LLC"
663090,"IMCGAMES Co.,Ltd."
266840,SkyBox Labs,Ensemble Studios
203160,Crystal Dynamics,Eidos-Montréal,Feral Interactive (Mac),Feral Interactive (Linux)
291650,Obsidian Entertainment
372000,"IMCGAMES Co.,Ltd."
456610
212680,Subset Games
337000,Eidos Montreal,Feral Interactive (Linux),Feral Interactive (Mac)
415200,Playsport Games
32470,Petroglyph
397900,Creobit
569480,"Lion Shield, LLC"
444640,Ninja Kiwi
473690,Sloclap
433340,Monomi Park
234140,Avalanche Studios,Feral Interactive (Mac),Feral Interactive (Linux)
298110,"Ubisoft Montreal, Red Storm, Shanghai, Toronto, Kiev"
201810,Machine Games
290080,Bitbox Ltd.
445220,Boxelware
335240,Atelier 801
8800,Firaxis Games
208650,Rocksteady Studios
329110,Infinity Plus 2
326460,kChamp Games
529180,Snail Games USA
438740,IllFonic
8980,Gearbox Software
521630,Giant Fox Studios
220,Valve
393420,Bankroll Studios
22330,Bethesda Game Studios
20920,CD PROJEKT RED
253710,Expansive Worlds,Avalanche Studios
3910,Firaxis Games
516750,Amistech Games
252530,MR-Software GbR
360430,Hangar 13,Aspyr (Mac)
612020,Berzerk Studio
391540,tobyfox
12120,Rockstar Games
286940
20900,CD PROJEKT RED
342200,Piranha Games Inc.
431240,Blacklight Interactive
466560,Shiro Games
6060,Pandemic Studios
10090,Treyarch
339600,KIXEYE
339610,Joycity
333420,GSC Game World
212500,"Standing Stone Games, LLC"
235540,Fatshark
269210,Elias Viglione,Jussi Kukkonen
531640,Dire Wolf Digital
65930,2K Marin
310950,Capcom
275850,Hello Games
367500,Capcom
448440,Proximity Games
12210,Rockstar North,Rockstar Toronto
226840,Triumph Studios
601430,Tango Gameworks
675010,Saber Interactive
17390,Maxis™
1840,Valve
646570,Mega Crit Games
297000,DotEmu
113400,Little Orbit
612510,"Project ""The Game"""
263280,Oovee® Game Studios
206420,Deep Silver Volition
236870,IO Interactive A/S,Feral Interactive (Linux),Feral Interactive (Mac)
624120,Sports Interactive
220240,"Ubisoft Montreal, Massive Entertainment, and Ubisoft Shanghai"
521890,Dynamic Pixels
438100,VRChat Inc.
299740,Entrada Interactive LLC
65980,Firaxis Games,Aspyr (Mac),Aspyr (Linux)
219640,Torn Banner Studios
588650,Motion Twin
442080,WeMade
55230,Volition
221680,Ubisoft - San Francisco
261430
208580,Obsidian Entertainment,"Aspyr (Mac, Linux, & Windows Update)"
550900
459820,Sad Panda Studios
310560,Codemasters Racing Studio,Feral Interactive (Linux),Feral Interactive (Mac)
434650,Hunter Studio
393430,Iceflake Studios
71270,Sports Interactive
200710,Runic Games
205100,Arkane Studios
349040,CyberConnect2 Co. Ltd.
300,Valve
213670,Obsidian Entertainment
50130,2K Czech,Feral Interactive (Mac)
334230,BlankMediaGames
319630,DONTNOD Entertainment,Feral Interactive (Mac),Feral Interactive (Linux)
245620,Haemimont Games
204880,Ironclad Games,Stardock Entertainment
449540,K Bros Games
451340,Code Horizon
80,Valve
288390
376210,Afterthought LLC
488790,Ubisoft San Francisco
542650,Alekseev
22490
429660,BANDAI NAMCO Studios Inc.
35450,Tripwire Interactive
313160,Giants Software
455940,irritatingFLY studio
447820,New World Interactive
286690,4A Games
607890,AQURIA
251060,Eugen Systems
375450,"KOEI TECMO GAMES CO., LTD."
657200,HFM Games
304030,XLGAMES
311690,Dodge Roll
47410,FireFly Studios
42710,Treyarch
592600,"Konami Digital Entertainment Co., Ltd"
24200,Daybreak Game Company
627270,NetherRealm Studios,QLOC
236110,Trendy Entertainment
438020,Sekerin Productions
1250,Tripwire Interactive
207890,Sports Interactive
365670,Blender Foundation
307780,NetherRealm Studios,QLOC
42680,Infinity Ward,Sledgehammer Games,Aspyr (Mac)
108600,The Indie Stone
454180,Anea_Duo_Dev
454150,Firehawk Studios
564710,AN Productions,Poxpower
361420,System Era Softworks
285190,Relic Entertainment,Feral Interactive (Mac),Feral Interactive (Linux)
10180,Infinity Ward,Aspyr (Mac)
113200,Edmund McMillen and Florian Himsl
287390,4A Games
581690
363890,KADOKAWA,Yoji Ojima
357290,Talentplace
204360,The Behemoth
374040,Keen Games
269950,Laminar Research
217490
465650,Out of the Park Developments
641990,Team17 Digital Ltd,Mouldy Toof Studios
557400,Holyday Studios
537180,"Move Games Co., Ltd."
215080,Ankama Studio
289130,AMPLITUDE Studios
504730
42750
302830,Novalink
8870,Irrational Games,Aspyr (Mac),Virtual Programming (Linux)
204300,Ronimo Games
224260,No More Room in Hell Team
706220
212160,devCAT
558990,Zachtronics
3900,Firaxis Games
589290,Anvil Game Studios
502520,Game-Labs
550470,"Entwell Co., Ltd."
609150,Square Enix,tri-Ace
496460,Mindillusion
32370,BioWare,Aspyr (Mac)
466170,Shugasu GmbH
9450,Relic Entertainment
203290,U.S. Army
306020,Ninja Kiwi
287450,SkyBox Labs,Big Huge Games
42960,Paradox Development Studio
610120,Anate Studio
650500
236690,Cyanide Studios
439350
434170,"Jackbox Games, Inc."
370240,Visual Concepts
427270,Robot Entertainment
2870,Egosoft
446150,"Valkyrie Entertainment, LLC"
234630,Slightly Mad Studios
249130,Traveller's Tales
685310,Coconut Shavers
226860,Stardock Entertainment
236430,"FromSoftware, Inc"
47810,BioWare
200260,Rocksteady Studios,Feral Interactive (Mac)
238090,Rebellion
228280,Beamdog
285920,Payload Studios
210770,Coffee Stain Studios
268420,X-Legend
400,Valve
368070,CI Games
331470,Soviet Games
495910,Neople
312530,Landon Podbielski
238460,The Behemoth
311310,Game-Labs
321040
365960,Studio 397
581600,JDRumble
722060,Illwinter Game Design
365360,Overhype Studios
292730,Infinity Ward
70,Valve
212910
388660,JDRumble
368500,"Ubisoft Quebec, in collaboration with Ubisoft Annecy, Bucharest, Kiev, Montreal, Montpellier, Shanghai, Singapore, Sofia, Toronto studios"
24960,DICE
389300
225260,Double Fine Productions
211500,Sector3 Studios
40970,FireFly Studios
237310,KOG
33230,Ubisoft Montreal
333950,Keen Software House
541180
289650,Ubisoft
555830,Sachonski,Renato Milanesi,Sith
474960,Remedy Entertainment
391040,Codemasters,Feral Interactive (Mac)
215280,Funcom
33350
666220,Unreal Software
404730
545580,Besedka Games Studio
246620,Ndemic Creations
42700,Treyarch
332310,TT Games,Traveller's Tales
212070,Star Gem Inc.
366220,Code Club AB
282440,id Software
299360,Toadman Interactive,Jagex,Artplant
431560,Evgeny Shcherbakov,Denis Ovsyannikov
22370,Bethesda Game Studios
500,Valve
248390,Dekovir Entertainment
619730
344760,Code}{atch
371660,Ubisoft
203140,Io-Interactive A/S,Feral Interactive (Mac)
562730,Badim
39120,Trion Worlds
571740,Perfuse Entertainment
619330,Alekseev
212200,NEXON Korea Corp.
482750
355840,Vostok Games
554620,Deck Nine,Feral Interactive (Mac),Feral Interactive (Linux)
526290,TrisPix Studio
672680,Bytro Labs GmbH
274190,Free Lives
624140,Sports Interactive
9420,Gas Powered Games
636480,SteelRaven7
268400,Flashback Games,The Lordz Games Studio
110800,Team Bondi,Rockstar Leeds
412290,mesetts
221040,Capcom
48720,TaleWorlds Entertainment
414070,Evgeny Shcherbakov,Matvey Sakharovskiy
232890,FireFly Studios
39140,Square Enix
11020,Nadeo
388080,AndrewMD5,Codeusa
22320,Bethesda Game Studios
647830,TT Games,Feral Interactive (Mac)
421020,Codemasters,Feral Interactive (Mac),Feral Interactive (Linux)
3590,"PopCap Games, Inc."
460920,Ubisoft Annecy,Ubisoft Montpellier,Ubisoft Kiev
678800,Ninja Kiwi
463530,Slug Disco Studios
359870,Square Enix
420360,3D Avenue
209000,WB Games Montreal,Splash Damage
578310,Desertkun
223830,Goldhawk Interactive
322110,Batterystaple Games,Fire Hose Games
345350,Square Enix
323580,Thunder Lotus Games
280,Valve
326410,Tasharen Entertainment Inc.
17440,Maxis™
253900,Topware Interactive
533340,Trauma
271360,"Fancy Bytes, Reactor"
551670,NedoStudio
592490
721030,Actoz Soft
311340,Kojima Productions
449140,treeform
15210,Ubisoft
514900,Bloober Team SA
271290
319510,Scott Cawthon
233250
681840
552620,AtomTeam
1900,Reality Pump Studios
286000,Pocketwatch Games
466860,Pixel Gangsta Studio
420440,Killerfish Games
389280
650760,Heluo Studio
491260,Charyb Games
513570,GDNomad
235900,KADOKAWA
293760,Camshaft Software
238430,"Monochrome, Inc"
567780,Nuno Donato
402220,89AM Studio
354920,Flump Studios
397350,Impressions Games
41500,Runic Games
463680
566050,Impressions Games
375530,Creoteam
473470,Eduard Mirica
611790,"Eek! Games, LLC"
333640,Freehold Games
231350,UL
313010,Focus Home Interactive
268870,5 Lives Studios
288160,Fireproof Games
282560,Nvizzio Creations
467520,Eversim
394870,Black Lime Studio
348250,Google
554510,HB Studios
292140,Square Enix
466300,Beamdog
478980,Fantasy Flight Games
233980,@unepic_fran
20540,Relic Entertainment
322460
314970,Noble Master LLC
465710,Camex Games
561610,Milestone S.r.l.
458960,"WEBZENONNET Co., Ltd."
390100,JoongWon Games
261470,Code Force
369140
280160,Lince Works
7830,Best Way
215530,NeocoreGames
319910,Frozenbyte
448070,Microblast Games
533180,Abstractive Works
113020,Pocketwatch Games
641780,The Drone Racing League
290790,Petroglyph
442780,Pixel Titans
8850,2K Marin,2K China,Digital Extremes,2K Australia,Feral Interactive (Mac)
24670,N3V Games
21100,Day 1 Studios
575550,Athena Works
599460,Digdog Studio
391720,Bloober Team SA
301910,Deep Silver Volition,High Voltage Software
645260,Overgroup
740260,Hollowings
567250,Void games
382080,Devdan Games
240320,Panzar Studio
407000,Fixer Games
370540,2by3 Games
233800,Bohemia Interactive
364420,SmashGames
359310,Shiro Games
50650,Vigil Games
214340,Daedalic Entertainment
448470,Sometimes You
298900,Streum On Studio
455980,Suncrash
232050,Snowbird Games
13520,Crytek Studios
261180,Team Reptile
251290,Nihon Falcom
15120,Ubisoft Montreal
420530,Little Cat Feet
203630,Ino-Co Plus
295550,Katauri
317600,Archaic Entertainment
268750,SmashGames
487270,André Bertaglia
213850,Stainless Games
335670,Dingaling
9010,Gray Matter Studios
576130,Lapovich Team
265210,RuneStorm
263060,GhostShark
290930,Filip Victor,Valve
307670,CreativeForge Games
669580,Ediogames
270370,Vortal Storm
3170,Katauri Interactive
528210
360830,Playtonic Games
13230,"Epic Games, Inc."
424280,SnoutUp
223670
263540,Mad Otter Games
304530,Deep Silver Volition
252870,Leafy Games
305260,DR Studios
660160,Byzantine Games
310470,Gaming Minds Studios
292180,Laminar Research
249650,Daedalic Entertainment
289930,Deck13 Hamburg
331360
337150,Handelabra Games Inc.
667870,No Moon
625140,Youren
296970,Abbey Games
412740,Dylan Fitterer
545650,Double Coconut
579950,Telltale Games
58610,Eugen Systems
414740,Lion game Lion
228760,Nadeo
538590,White Dog
457550,"Bigscreen, Inc."
545110,IObit
61700,Capybara Games
670880
712840
363360,Split Polygon
420790,Crunchy Games
335620,Trese Brothers
368360,Robot Gentleman
370730,"KOEI TECMO GAMES CO., LTD."
570420,Egosoft
73010,Colossal Order Ltd.
204340,Croteam
393080,Raven Software,Beenox
201700
454510
523120,MAGIX Software GmbH
382900,Square Enix
239120,Square Enix
71250,SEGA
63910,Katauri Interactive
513620,Alexey Khazov,Cristian Ionescu,Lars van Dorenvanck,Brandon van Doorn,Joran Vergoessen,Admir Leka
22350,Splash Damage
485980,Cats Who Play
252110,Asteroid Base
98800,"Gaslamp Games, Inc."
505040,RTK Entertainment
316790,Double Fine Productions
555160,davevillz
3720,Elixir Studios
253430,DigitalDNA Games LLC
285010,DL Softworks
238750,Ubisoft
577230,LongYou Game Studio
546400,White Dog
293780,Powerhoof
321410,WarfareSims
460120,Idea Factory,Compile Heart
15320,1C: Maddox Games
506610,Scott Cawthon
404680,Runic Games
353270,Idea Factory,Compile Heart,Felistella
436320,Survios
6800,Pyro Studios
745880
214420,Doctor Entertainment AB
551730,"KOEI TECMO GAMES CO., LTD."
48210
383180,Techland
262940,Revolution Software Ltd
503770,Wenkly Studio Sp. z o.o.
25000,Wolfire Games
550340,07th Expansion
6910,Ion Storm
460870
41010,Croteam
485420,Second Reality
327140,Google
224760,Polytron Corporation
3480,"PopCap Games, Inc."
315460,Gaddy Games
224500,Robotronic Games
233720,Bossa Studios
16450,Monolith
8000,Crystal Dynamics,Feral Interactive (Mac)
50620,Vigil Games
203680,Codemasters Birmingham
13260
452570,Trinket Studios
258030
224060
363090,"KOEI TECMO GAMES CO., LTD."
580200,Prideful Sloth
67370,Digital Extremes
562810,Ubisoft Pune
434030,IPACS
337950,Eforb
457710,Faton
263760,Secret Exit Ltd.
404540,Housemarque
583470,Edmund McMillen,Tyler Glaiel
427720,peakvox,O-TWO inc.
15700,Oddworld Inhabitants
412050,Zenz VR
703700
10270,Akella
388880,Night School Studio
254300,Ankama Studio
528200,MAGIX Software GmbH
219830,Transhuman Design
206440,Freebird Games
248860,Blue Bottle Games
65790,Bohemia Interactive
39190,Gas Powered Games
569860,Terrible Toybox
12150,Remedy Entertainment
25830,Black Sea Studios Ltd
41000,Croteam
397100,G2CREW
311770,Traveller's Tales
468070,Isokron
269330,Bedtime Digital Games
260430,Digital Leisure Inc.
577940,Iron Galaxy
327860,Lavaboots Studios
340000,Double Fine Productions
251950,Cornered Rat Software
22130,Paradox Development Studio
92800,Zachtronics
104900,Spiral Game Studios
237850,Red Thread Games
327090,Space Boat Studios
394230,Gearbox Software
461880,Atum Software
603780
1200,Tripwire Interactive
368230,Noio,Licorice
595420,Out of the Park Developments
21000,Traveller's Tales
236090,Humble Hearts LLC
317360,Double Action Factory
282400,GolemLabs
449800,"KOEI TECMO GAMES CO., LTD."
11450,Triumph Studios,Virtual Programming
40700,Amanita Design
517160,Toast
521150,The Quadsphere
24840,EA Los Angeles
580420,Wojciech Krupinski
430440
625950,ArteG
57730,Gaming Minds Studios
384740,Ionized Games
425580,Fireproof Games
527100,Ubisoft
205990,Ino-Co Plus
298030,Cavedog Entertainment
500710,Juvty Worlds Ltd.
259020
492130,Rasul Mono
421050,Daedalic Entertainment
312750,Square Enix,DotEmu SAS.
464060,Reikon Games
527270,"KOEI TECMO GAMES CO., LTD."
453090,Texel Raptor
435400,Adriaan de Jongh,Sylvain Tegroeg
13210,"Epic Games, Inc."
542480,Virtys
232010,SCS Software
2810,Egosoft
338180,[geim].pro
454080,David Mulder
70400,EasyGameStation
33340,Blue Byte,Related Designs
235800,Dylan Fitterer
7760,"MicroProse Software, Inc"
243950,Larian Studios
239840,DoubleBear Productions
308040,Bedtime Digital Games
629690,"Fatbot Games, s. r. o."
322520,"KOEI TECMO GAMES CO., LTD."
313780,Zoetrope Interactive
522470,Blue Brain Games
228300,DONTNOD Entertainment
385730,Visual Concepts,"Yuke's Co., LTD"
235320,Altar Games
350110,Deck13 Hamburg
449630
507300,BigBlaze Games
234710,Telltale Games
231060,"Gravity, Inc."
639790,Neko Climax Studios
32500,Aspyr Studios
345240,CREATIVE ASSEMBLY
317820,Gambrinous
312280,BlueLine Games
681820
311260,Purple Lamp Studios,GolemLabs
501800
504210,Zachtronics
682130,Robert Borghese
247020,Vertigo Gaming Inc.
339340,"CAPCOM Co., Ltd."
416270
322920,Expansive Worlds,Avalanche Studios
287260,Codemasters
335360
46500,Microids
445880
384190,Giant Squid
375950,Zoe Vartanian,Badru,Isa Hutchinson,Michael Bell
221540,Hidden Path Entertainment
324510,Wonderstruck
385380,Permadeath
57900,Gearbox Software
467000,Astronomic Games
448500,Blake Fix
441550,Coolhand Interactive
274900,JForce Games
423230,The Game Bakers
256290,Ubisoft Montréal
296470,Stegersaurus Software Inc.
236150,Little Green Men Games
343780,Cat5Games
2100,Arkane Studios
213120
8600,SimBin
299460,Fabio Ferrara
70600,Team17 Digital Ltd
417860,Kyle Seeley
224480,Young Horses
216890,Cyanide Studios
39200,Gas Powered Games
216260,Big Ant Studios
425220,"Spike Chunsoft Co., Ltd."
292910,Daedalic Entertainment
581620
220740,Daedalic Entertainment
244730,Iron Galaxy
215100,Gravity Interactive
362680,Killmonday Games AB
328080,Raymond Doerr
370360,Zachtronics
12250
446020,Minskworks
314410,Rake in Grass
9340,Relic Entertainment
237870,Pathea Games
301320,Ole Lange
340050,Bob
448080,"Jackbox Games, Inc."
323220,Nuke Nine
583010,VoiceAttack.com
2620,Infinity Ward
252410,Image & Form Games
231160,"Olli Harjola, Otto Hantula, Tom Jubert, Carlo Castellano"
32360,LucasArts
486780,Halfbrick Studios Pty Ltd
561600,Milestone S.r.l.
314790,Daedalic Entertainment
474050,White Rabbit Games
362490,Bare Mettle Entertainment
368340,Radical Fish Games
107200,MinMax Games Ltd.
394760,"BadFly Interactive, a.s."
254100
312520,Videocult
460810,PlatinumGames,Little Stone Software
593030,Fury Software
555220,RedCandleGames
130,Gearbox Software
19930
512770,Merlin Beer
424030,Campfire Games
504880,DL Softworks
407330,Winged Cloud
21090,"Monolith Productions, Inc.",Timegate
222440,SNK CORPORATION,Code Mystics
225080,Starbreeze Studios AB
591370,Positech Games
570770
639170,Telltale Games
323610
221260,Tomorrow Corporation
12320,Ascaron Entertainment ltd.
527290,"KOEI TECMO GAMES CO., LTD."
657860
407190,BigBlaze Games
319730
272230,Cryptic Sea
385800,NEKO WORKs
202200,Stardock Entertainment
300570,Zachtronics
718650,Star Drifters
378200
39160
227180,Reverie World Studios
224540,Jagex Limited
336510
57640,Revolution Software Ltd
618970,Appeal
429280,Wellore
345390,The Odd Gentlemen
477980,Ilja Saburov
45770,Capcom Vancouver
39000,Virtual Heroes,Army Game Studio
405640,Daniel Mullins Games
665180,ONEONE1
494670,Deck13 Hamburg
416450,Pixel Federation
303720,Beatshapers
265610,Matt Roszak
354850
497180,Invictus Games Ltd.,ImageCode
95400,Sparpweed,Codeglue
2800,Egosoft
735280,Sixteen Tons Entertainment
338170,Lino Slahuschek
314520,Dovetail Games
368590,K Bros Games
356570,Pinokl Games,Kverta
2760,Obsidian Entertainment
357190,"CAPCOM CO., LTD."
239250,MercurySteam
323910,Valve
455130
501690
581630,Diatomic Games
559500
365300,Shokunin,Thomas M. Visser,Vincent Thiele
475190,Introversion Software
482770,Sports Interactive
418250,SoftWarWare
241260,Frogwares
24870,Slightly Mad Studios
574620
513510,KHB-Soft
351710,Idea Factory,Compile Heart,Felistella
72200,Giant Army
357780,Alda Games
382490,Rogue Snail
607880,ARTDINK CORPORATION
8140,Crystal Dynamics
251110,Loiste Interactive
444490,exagongames
528510,Wulo Games,DEADBIT
485950,Talentplace
347560,Back To Basics Gaming
506670,Ardi Studio
485830,D247 Games
465760,Egidijus Bachur,Alexey Davydov
19680
7510,Gaijin Entertainment
475220,André Bertaglia
222730,Abbey Games
249590,Rain Games
511800,Pragmatix Ltd
208520,Haemimont Games
552920,Orbcreation
278890,Alastair John Jack
344880,Conflux Games
546200,Creobit
447880
333300,Thomas Biskup,Jochen Terstiege,Zeno Rogue,Krzysztof Dycha,Lucas Dieguez
614910,Paleno Games
464850,Big Ant Studios
113420,Little Orbit
443940,Nikolai Patrakov
639780,Neko Climax Studios
424370,WOLCEN Studio
561340,DyingCat
681810
233290,Airtight Games
314660,"Just Add Water (Developments), Ltd."
619520,Vyacheslav Shilikhin
562010,Tanki Online Ltd.
623550,REX PEX GAMES
410380,Hex Entertainment
410900,EarthWork Games
40390,Piranha Bytes
483770,Z-Software
429790,"Artix Entertainment, LLC"
746910,Jakal Studios
467120,Magicbane
527230,IronOak Games
254200,ProjectorGames
418030,ColdGames
504050,Craneballs
217200,Team17 Digital Ltd
313340,David OReilly
63950,1C: Maddox Games
496680,DUCK
546660,SGTTB_Studios,Phanom Games
338530,Charyb Games
563120,Rotatipyra
40300
414290,EfimovMax
640100
71340,Devil's Details
635200,Cheerdealers
40800,Team Meat
445310,Limbic Entertainment
463220,Robert Alvarez
293180,Microblast Games
382110,Guy Godin
595340
331790,New Reality Games
454910,X-Legend
410340,LuGus Studios
606800,Hovgaard Games
7520,Reality Pump Studios
285160,Traveller's Tales,Feral Interactive (Mac)
262150,Tomoaki Sugeno
265550,Capcom Game Studio Vancouver
581030,Atomic Fabrik,Cristian Manolachi
438030,Chuck Productions
47780,Visceral Games
428630,GDNomad
465240,Croteam VR
464340,Microids
440650,Stray Fawn Studio
616560,Brilliant Game Studios
242700,NetherRealm Studios,High Voltage Software
469730,SnowFlame,Back To Basics Gaming
223850,UL
302510,Crytek
604500,Extreme Developers
356500,Ensemble Studios
223710,Team Psykskallar
212480,Sumo Digital
434570,Big Corporation
507390,Florastamine
585900,"TABOT, inc.",Natsume Inc.
218680,5th Cell Media
377530,Heluo Studio
35700,Frozenbyte
575840,Duck
3990,Firaxis Games
266510,Defiant Development
209870,"Hardsuit Labs, Inc."
214170,Larian Studios
400740,GDNomad
393530,PlayFlock
452060,Deadpan Games
312990,Free Lives
471010,IMGN.PRO,Fool's Theory
265300,CI Games,Deck 13
640590,Traveller's Tales,TT Games
17470,EA Redwood Shores
448280,Owlchemy Labs
384180,Pipeworks Studio
290730,Gravvit Ltd,Forbes  Consult Ltd
261030,Telltale Games
216250
259080,Avalanche Studios
607200,AlternativaPlatform
554530
407530,Studio Wildcard,Instinct Games,Efecto Studios,Virtual Basement LLC
419480,Little Green Men Games
598330,LVGameDev LLC
564530,Impressions Games
571260,SNK CORPORATION,Abstraction Games
235400,Nival
289520,1C-SoftClub
495780,Studio Binokle
3920,Firaxis Games
237110,NetherRealm Studios,High Voltage Software
525300,IR Studio
367670,Koga Tech Limited
15100,Ubisoft Montreal
43110
619080,"Outpost Games, Inc."
574070,Desert Owl Games LLC
4850,GSC Game World
462770,Supergiant Games
717790,DistrictWare inc.
412830,MAGES. Inc.
209080,Muse Games
200170,Team17 Digital Ltd
32800,Snowblind Studios
343360,Microblast Games
596690,Vyacheslav Shilikhin
535230,DolphinBarn
383870,Campo Santo
363680,Tindalos Interactive
284950,DL Softworks
298240,"Rocketeer Games Studio, LLC"
267530,TT Fusion,Traveller's Tales,Feral Interactive (Mac)
263500,Wyrmbyte
228380,Bugbear
457590,Funtime
287920,Star Vault AB
252610,Rocketcat Games,Madgarden
327690,Motiga Inc.
337320,South East Games
266410,iRacing.com Motorsport Simulations,iRacing
562080,Dynamic Pixels
493730,LEVER Software
565860,VladCastillo
34460,Firaxis Games
248170,Clickteam
225640,Ascaron
108800,Crytek Studios
447530,Sukeban Games
536220,Telltale Games
329000,New Reality Games
208090,Edge of Reality
509110,Blastoid Entertainment
405900,"Nippon Ichi Software, Inc."
213610,SEGA
617830,SUPERHOT Team
510510,Visual Concepts,"Yuke's Co., LTD"
323850,Those Awesome Guys
511680,Marvelous Inc.
9930
287680
547680,Hyper Hippo Games
329050,"CAPCOM Co., Ltd."
667600,Infinite Dreams
621880,Ntroy LTD
226580,Codemasters
43160,4A Games
251150,Nihon Falcom
287980,Dinosaur Polo Club
281640,Stoic
597220,Asymmetric
665360,Lighthouse Games Studio
274520,Acid Wizard Studio
507490,Stardock Entertainment,Oxide Games
24240,OVERKILL Software
28050
282900,"IDEA FACTORY Co., Ltd.","COMPILE HEART Co., Ltd.","FELISTELLA Co., Ltd."
524580,IDEA FACTORY,COMPILE HEART
553640,FantaBlade Network
356040,Unicube,Team 17 Digital Ltd
7600,Firaxis Games,Feral Interactive (Mac)
410110,Ink Stains Games
482850
654880,Game Grumps
474750,Nerial
533780,Home Net Games
433350,Vertigo Games America
285330,Chris Sawyer Productions
471550,Frozenbyte
393100
241540,Undead Labs
40990,Illusion Softworks
375010,Sometimes You
258010,Triple.B.Titles
108710,Remedy Entertainment
602940,StarSystemStudios™
581670,Ardi Studio
257850,Heart Machine
614860,WindThunder Studio
526160,HypeTrain Digital
48000,Playdead
439700,NantG
341000,Eggcode
351510,"Jackbox Games, Inc."
459220,Ensemble Studios,Behaviour Interactive,343 Industries
315660,N3V Games
467370,Four Winged Studio
4560,Relic Entertainment
457330,Cruderocks
10680,Rebellion
391460,Novalink
25900,1C Entertainment
372360,BANDAI NAMCO Entertainment Inc.
467960,TPP Studio
597170,Doborog Games
292990,"KOEI TECMO GAMES CO., LTD."
630,Valve
425160,2D Heroes,Ursa Games
588220,Massive Entertainment
250320,Telltale Games
7670,2K Boston,2K Australia
281610,Blackbird Interactive
214510,Traveller's Tales
562430,Four Winged Studio
257170,Northway Games,Sarah Northway
243970,Klei Entertainment
304430,Playdead
282140,Frictional Games
723790,Home Net Games
433530,JetCat Games
217750,Funcom
443810,Weappy Studio
501300,Giant Sparrow
593280,The Gentlebros
399000,CleanWaterSoft
7620
330830,Telltale Games
402430,Out of the Park Developments
215830,Naddic Games
204030,Lionhead Studios
357900,Sometimes You
251730,Almost Human Games
503560,Jutsu Games
317470,Cosmic Cow LLC
342310,Leonard Menchiari,IV Productions
25800,Paradox Development Studio
208200,id Software
683900,Origin8 Technologies Ltd.
649900,"Riposte Games & Co, Inc"
252470,MinMax Games Ltd.
423580,SomaSim
238370,Pieces Interactive
424840,Tarsier Studios
115320,Radical Entertainment
259680,Netcore Games
237990,Stoic
659460,Triple Rush Games
410980,SimTex
476460,Jon Gallant
327070,Black Eye Games
17300,Crytek
207170,Almost Human Games
564230,"Spike Chunsoft Co., Ltd."
748370,raptor lab
3330,"PopCap Games, Inc."
258970,Arrowhead Game Studios
32430,LucasArts,Aspyr Studios
581130,"Shanghai JingCai Computer Software Development Co., Ltd"
592260,Pyromancers.com
19900,Ubisoft Montreal
354290,"CRAZYDIAMOND CO., LTD."
339280,S2 Games
386620,Vertigo Gaming Inc.
597840,DesktopPaints LLC
345260,CREATIVE ASSEMBLY
507400,Secret Society Games
610670,azimut team
539440,Matt Hooper
235460,PlatinumGames
398850,Fishing Cactus
376870,Telltale Games
757570,Tango Gameworks
697610,Upturn Games
438140,White Wizard Games
250760,Yacht Club Games
314980,BattleGoat Studios
12200,Rockstar New England
317400,Prism Game Studios Ltd.
510630,Soccer Manager Ltd
303390,Microblast Games
463100,Nikita Nefedov
406290,"Playdek, Inc."
107100,Supergiant Games
322190,Image & Form Games
400910,CreSpirit,GemaYue
222480,Capcom
240760,inXile Entertainment
568770,Dicesuki
34270,D3T Limited
451130,Mirinae
2600,Troika Games
619310,Glyph Worlds
224900,Reality Pump
269470,Screaming Bee
475550,Warm Lamp Games
345180,Haemimont Games
619340,NEZOS GAMES
354830
259060,Illwinter Game Design
582550,Flamebait Games
245470,Positech Games
502370,Straylight Entertainment
222750,Eugen Systems
619910,nanos GbR
624910
495280,"Nippon Ichi Software, Inc."
206210,"Monolith Productions, Inc."
17520,Synergy Team
304240,"CAPCOM Co., Ltd."
453980,Fifth Dimension Company
215930,I-deal Games
18500,Hidden Path Entertainment
321400,Supra Games
306760,Cyan Inc.
6860,Io-Interactive A/S
380840,Teeworlds Team
632300,Perun Creative
423710,New Reality Games
322780,Bossa Studios
510660,Playata GmbH
484900,Mothership Entertainment LLC
466910,Freakinware Studios
7200,Nadeo
437920,WeirdBeard
318020,Eugen Systems
620130,QuickSave
464350,Screeps
17430,EA Black Box
381990,Gravity Interactive
509240,Petrodiy-Games
502800,Tamsoft
522230,Robot Riot UG (haftungsbeschränkt)
621830,KT Racing
250340,Eric Hartman,Ben Garney,Anthony Rotondo
23310,Square Enix
220260,Giants Software
468920,Bit Golem
233840,Team17 Digital Ltd
633880,EHTechnology
221910,Galactic Cafe
349720,T3 Entertainment
300080,CREATIVE ASSEMBLY
452230,Synapse Games
248610,KillHouse Games
40980,FireFly Studios
235380,Nival
528740,Hunted Cow Studios
575720,Panoramik Inc
598960,Jan Zelený
533150,CharlieH
400170,NeocoreGames
427730,Evil Tortilla Games
204450,Techland
543460,"Capcom Game Studio Vancouver, Inc."
542340,StalkerAlex
253490,ESTgames Corp.
365450,Team Fractal Alligator
55140,Double Helix Games,Rainbow Studios,THQ Nordic
741260,Shanghai huan zhen Info Tech Ltd
442120,Zen Studios
383800,Raconteur Games
344230,DL Softworks
426000,HuniePot
57300,Frictional Games
250400,Eko Software
457730,Zillion Whales
547960,Amaterasu Software
385070,Astronomic Games
552590,Cavalier Game Studios,Tequila Works
234670,CyberConnect2 Co. Ltd.
205610,Gaming Minds Studios
1930,Reality Pump Studios
491650,Panda Indie Studio
304410,Matthew Brown
34440,Firaxis Games
361280,Gamious
571310,Image & Form Games
449680
564310,Croteam
12750
218640,Shiver Games
441960,SCS Software
206190,Suspicious Developments
579230,Synnergy Circle Games
458710,Ironhide Game Studio
291860,The Behemoth
345090,Moonlight Mouse
414700,Red Barrels
100,Valve
622920,BrainStrainStudios
650000,id Software
377310,Wulo Games
6000,LucasArts
4570,Relic Entertainment
735570,SEROSOO
264200,Silver Dollar Games
498240,Telltale Games
9350,Gas Powered Games
204120,Traveller's Tales
225420,Colossal Order Ltd.
329130,Anisoptera Games
732430,GrizzlyGames
20500,Volition,Reactor Zero,THQ Nordic
602520,NEKO WORKs
609940,Ankama Studio
418650,I-Illusions
406150,Dominique Grieshofer
32510,Traveller's Tales
57740,Coreplay GmbH,Bigmoon Studios
47400,FireFly Studios
467010,Luke Dodds
246420,Ironhide Game Studio
20570,Relic Entertainment,Feral Interactive (Mac/Linux)
378370,Diminished Studios
1280,Darklight Games
214560,Klei Entertainment
431180,eduweb
675260,Telltale Games
202170,United Front Games
286570,Codemasters,Feral Interactive (Linux)
404590,Games Farm
581100,Atum Software
397950,Landfall
596650,Avallon Alliance
648430,Hi-Rez Studios
394310,Lazy Bear Games
16700,Firefly Studios
65540,Piranha Bytes
324270,Polygon Art
423770,John Wizard
250520,Stygian Software
330840,Telltale Games
17410,DICE
570780
20,Valve
585410,YoYo Games Ltd.
325600
237930,Supergiant Games
50,Gearbox Software
527430,NeocoreGames
442070,"Jackbox Games, Inc."
568810
492090,ARTDINK
55150,Relic
578620,Free Lives
45740,Capcom Vancouver
7610
12810,Triumph Studios,Virtual Programming
2990,Bugbear Entertainment
574810,Vyacheslav Shilikhin
507360,Magicbane
470220,Ubisoft Entertainment
269770,Pixel Ferrets
255480
367540
388750,Arc System Works
346120,Spasman Games
363930,Silent Dreams
435030,FIVE-BN GAMES
350640,Frogwares
658980,encurio
608560,YarGri,EHTechnology
228260,Stardock Entertainment
238260,FarSight Studios
392950,FIVE-BN GAMES
3620,"PopCap Games, Inc."
637100,Sonic Team,Hardlight
327400,"MicroProse Software, Inc"
694130,upjers
244030,Bohemia Interactive
245490,"RedLynx, in collaboration with  Ubisoft Shanghai, Ubisoft Kiev"
517790,Impressions Games
311730,Team NINJA,"KOEI TECMO GAMES CO., LTD."
410590
213330,TT Games
300790,SmiteWorks USA LLC
547900,Solecismic Software
234080,MercurySteam - Climax Studios
50300,YAGER
559650,Barrel Roll Games
333600,NEKO WORKs
34830,City Interactive
715310,Acute Games
22600,Team17 Digital Ltd
438490,BANDAI NAMCO Studio,SHIFT,QLOC
588210,Zero Gravity
422900,Knuckle Cracker
561590,Childish Things
6030,Raven Software,Aspyr (Mac)
418340,Rooster Teeth Games
239070,Crackshell
578260,Blaiz Entertainment
218510,Targem Games
12100,Rockstar Games
288140,PERFECT PARALLEL
300380,"EQ-Games , Pixel Dash Studios"
435440,FX Games Media
332070,"JumpStart Games, Inc."
12140,Remedy Entertainment
17570,Octoshark Studios
206500,Carbon Games
421040,VaragtP
486310,Might and Delight
384490,Harebrained Schemes
242550
381640,IT Territory
604160
351940,Gaming Corps AB
244770,"Schine, GmbH"
314150,DotEmu
525920,Cyanide Studio
298050,NGD Studios
8190,Avalanche Studios
24780,EA - Maxis,Aspyr (Mac)
329430,Undead Labs
565380,Panoramik Inc
558100,Game Science
366440,"S2 Games, LLC"
418240,Mimimi Productions
600750,Disruptor Beam Inc.
231120,SCS Software
238010,Eidos Montreal,Feral Interactive (Mac)
207140,DoubleDutch Games
459510
493900,Realmforge Studios
234330,Demiurge Studios
257350,Beamdog
202970,Treyarch
296870,Asteristic Game Studio,Anthony Septim
265630,Fistful of Frags Team
563560,Reactive Drop Team
572410,Eugen Systems
463110,Ethrea Dreams
224580,Bohemia Interactive
362960,Obsidian Entertainment
418370,"CAPCOM Co., Ltd."
206480,"Standing Stone Games, LLC"
414340,Ninja Theory
268050,Tango Gameworks
385770,Proton Studio Inc
350080,MachineGames
355180,Hoobalugalar_X
313120,Beam Team Games
595280,Imperium42® Game Studio,"Dylan Hunt, ""Xblade""","Elsa Hunt, ""FieryElsa""","""Ellie""","Adityaraj Rukhane, ""Adiart"""
225840,Sven Co-op Team
201310,Egosoft
552700,Square Enix
389570,Freakinware Studios
463710,Evermore Game Studios
289950,weltenbauer. Software Entwicklung GmbH
239350
41700,GSC Game World
585790,Maximus.ez
514660,Vladimir Shlapak
274920,Holotech Studios
526580
614570,Arkane Studios
239820,Greenheart Games
320300,Red Dot Games
39540,Phenomic
509930,Anamik Majumdar
312450,The Artistocrats
436150,Azerion,YoudaGames
307690,United Front Games,Feral Interactive (Mac)
207610,Telltale Games
99900,"Grey Havens, LLC"
274940,Digital Confectioners
249050,AMPLITUDE Studios
403190,Madruga Works
409710,2K Boston,2K Australia,Blind Squirrel,Feral Interactive (Mac)
410320,SANDLOT
552100,Lukas Rustemeyer
242860,M2H,Blackmill Games
24980,BioWare
224600,Trion Worlds
448780,Talentplace
690510,O'olBlue Inc.
2700,Frontier,Aspyr (Mac)
610180,"Jackbox Games, Inc."
102500,Big Huge Games,38 Studios
664430,Visual Concepts,"Yuke's Co., LTD"
480650,Other Ocean Interactive
636040,Kukouri Mobile Entertainment
268650,Brilliant Skies Ltd.
209170,Infinity Ward
387290,Moon Studios GmbH
285900,Boneloaf
238320,Red Barrels
611500,id Software
270150,Osumia Games
40100,Gas Powered Games
405310,Traveller's Tales,TT Games,Feral Interactive (Mac)
352400,TT Games Ltd,Feral Interactive (Mac)
528300,Frisky Fatal Games
454690,Harotobira
208480,Ubisoft Montreal
486150,Autonomic Interactive
57690,Haemimont Games
386070,Planetary Annihilation Inc
378540,Deck13
21690,Capcom
56400,Relic Entertainment,Feral Interactive (Mac/Linux)
375910,Blue Byte
394510,Arrowhead Game Studios
668630,HL-Galgame
582500,Total Mayhem Games
624220
17460,BioWare
241560,Ivory Tower in collaboration with Ubisoft Reflections
253940
4500,GSC Game World
44350,Codemasters Racing,Feral Interactive (Mac)
397060,Abrakam SA
48240,Blue Byte,Related Designs
406090,Thorngames
438640,Traveller's Tales,TT Games,Feral Interactive (Mac)
547040,Sachonski,Renato Milanesi,Sith
444460,Hybriona Labs
341380,HCP Games
557780,Woolf
214490,Creative Assembly,Feral Interactive (Mac),Feral Interactive (Linux)
489520,BetaDwarf
368900
391660,Astronomic Games
248820,Hopoo Games
242680,Vlambeer
705220,Camex Games
635260,CarX Technologies
552110,"Grey Havens, LLC"
2820,Egosoft
375960
384480,Cybernetik Design
402570,Trion Worlds
4920,Unknown Worlds Entertainment
461910,Panoramik Inc
273350,Turtle Rock Studios
278080,"KOEI TECMO GAMES CO., LTD."
6020,Raven Software,Aspyr (Mac)
585560,Tero Lunkka
232910,Nadeo
48190,Ubisoft Montreal
346940,Harebrained Schemes
39150,Square Enix
276810,Rogue Factor
339800,HuniePot
35140,Rocksteady Studios,Feral Interactive (Mac)
432150
35720,Frozenbyte
220700,KADOKAWA
223100,Dambuster Studios
575570,Anea_Duo_Dev
251040,OVERKILL - a Starbreeze Studio.
530700,Bohemia Interactive
230290,Giant Army
311560,Ubisoft Sofia,Ubisoft Kiev
403560,Space Cat Studios
63380,Rebellion
616360,EHTechnology
312060,Square Enix
17480,EA Los Angeles
223750,Eagle Dynamics SA
456670,Defiant Development
462930,Hyper Hippo Games
48220,Blackhole
704040,Autotelic Games LLC
448510,Ghost Town Games Ltd.
644560,KAGAMI WORKs
505460,Clapfoot
544730,Exozet
316390,Cybertime System
3830,Double Fine Productions
383980,Dan Fornace
397460,"Jackbox Games, Inc."
205710,Daybreak Game Company
265930,Coffee Stain Studios
496690,Uncle Frost Team
466580,Marco Tancredi
414530,Allods Team
285310,Chris Sawyer Productions
525480,CyberConnect2
233860,Lo-Fi Games
431730,David Capello
371460,Creobit
462030,Riviysky
47870,Criterion Games
342970,Sachonski,Renamilanesi,Sith
300550,Harebrained Schemes
274170
310380
402710,Fenix Fire Entertainment
39500,Piranha Bytes
428690,U-Play Online
320,Valve
568220,Project Moon
413420,"Spike Chunsoft Co., Ltd.",Abstraction Games
25890,Paradox Development Studio
321960,Limbic Entertainment
436520,BlackSpot Entertainment
575860,Amaterasu Software
513590,exagongames
301120,Sports Interactive
288570
326360,AIGRIND
527770,Anatoliy Loginovskikh
357310,Shining Pixel Studios
386940,Clever Endeavour Games
362890,Crowbar Collective
574640,RandomSpin
4580,Relic Entertainment
534500
360170,Eko Software
538680,Nihon Falcom
65800,Trendy Entertainment
631530,Vyacheslav Shilikhin
734580,Thunder Devs.
254700,Capcom
420,Valve
257510,Croteam
20510,GSC Game World
24720,EA - Maxis
321360,Circle Five Studios,Pub Games
290340,League of Geeks
91310
555920,GDNomad
282800,Orange_Juice
218
34220
493490,"Forward Development, Ltd."
400040,ShareX Team
622650,Joey Drew Studios Inc.
78000,"PopCap Games, Inc."
460790,PlatinumGames
219780,Larian Studios
40950,FireFly Studios
443110,Obsidian Entertainment,My.com
355790,Cyanide Studio
486480,Tero Lunkka
262410,Noble Empire Corp.
223470,Running With Scissors
12110,Rockstar Games
323470,DIMPS
17450,BioWare
512020,GamersHype Productions
375230,Behaviour Interactive Inc.
239030,Lucas Pope
397340,"Jundroo, LLC"
247080,Brace Yourself Games
258700,Eyedentity Games
524660,Rutony Studio
388410,Gunfire Games,Vigil Games,THQ Nordic
239160,Eidos-Montréal,Feral Interactive (Mac)
376570,Carbine Studios
373930,Kite Games
39550,Phenomic,THQ Nordic
244160,Gearbox Software,Aspyr (Mac)
353640,Alexey Davydov,Sergey Dvoynikov,Timofey Shargorodskiy
292120,Square Enix
351970,BANDAI NAMCO Studio Inc.
243470,Ubisoft
662320,"RED DUCK, INC."
15620,Relic Entertainment,Feral Interactive (Mac/Linux)
204100,Rockstar Studios
331670,"Jackbox Games, Inc."
542550,PanGuoJun
214850
17500,Zombie Panic Team
578330,Traveller's Tales
38400,Interplay Inc.
445190,Logic Artists
485390,Proteus Studios
633460,Blackmill Games,M2H
591960,Synapse Games,Chinzilla
34870,City Interactive
208140,AMPLITUDE Studios
307960,1C Game Studios,777 Studios
324080,JIW-Games
201790,Robot Entertainment
39680,Rune Forge
378720,MuHa Games
40960,FireFly Studios
298630,Mouldy Toof Studios
24790,EA Los Angeles
313690,TT Games Ltd,Feral Interactive (Mac)
427100,TML-Studios
235600,Ubisoft Toronto
462780,KAIKO,Vigil Games
600600,EcoGames
377840,Square Enix
450540,RUST LTD.
493840,Capcom
717640,Nerial,Synaptic Insight Technology Systems
291410,Counterplay Games Inc.
108200,Days of Wonder
45760,Capcom
9200,id Software
21970
227320,YouNeedABudget.com
541210,Killerfish Games
587260,Nihon Falcom
584400,Christian Whitehead,Headcannon,PagodaWest Games
397580,PatchNoteStudio
599100,Anatoliy Loginovskikh
428950,16bit Nights
471710,Against Gravity®
634160,Falcon Development
496300,Noio
392780,Lantana Games
288470,Lionhead Studios
16810,Firaxis Games
537800,Runner Duck
395380,Wojciech Krupinski
268130,Suspicious Developments
234650,Harebrained Schemes
228180,Mirillis
262280,Realmforge Studios
402170
248570,Nabi Studios
576050,SharF Co.
235340,Nival
726390,PuzzleRoo
242640,Cyanide Studio
629030,Idea Cabin
532030,Eternity Studios
388440,The Light Sword Team
527800,Artur Rezende
567640,"Spike Chunsoft Co., Ltd."
467390,Dymchick1
253250,Radiant Entertainment
500940,PSY LABS
386700,Vertigo Gaming Inc.
342180,Vertigo Games,Jaywalkers Interactive
515690,RPG Video
41070,Croteam
606050,ArteG
382850
217980
626010,Ultrabit
33910
255220,Codemasters Racing,Feral Interactive (Mac),Feral Interactive (Linux)
620940,Retrific
539450,Anatoliy Loginovskikh
214730,SNK Games,Elemental Games,Katauri Interactive
673610,Apoapsis Studios
201230,Daybreak Game Company
383080,Winged Cloud
451020,Airship Syndicate
447990,The Light Sword Team
503820,Amaterasu Software
413410,"Spike Chunsoft Co., Ltd.",Abstraction Games
280220,Knuckle Cracker
2630,Infinity Ward,Aspyr (Mac)
209160,Infinity Ward
487120,Blue Isle Studios,Virtual Basement LLC
233130,Flying Wild Hog
582430,Maximus.ez
420290,Mastfire Studios Pty Ltd
42910,Arrowhead Game Studios
9880,Cryptic Studios
361800,oddonegames
302670,Digitalmindsoft
7940,Infinity Ward,Aspyr (Mac)
302590,Subvert Games
380,Valve
415960,Sometimes You
360450,Absorb Reality
520440,Arc System Works
32440,Traveller's Tales,Feral Interactive (Mac)
461890,Outlands
252150,Spicyhorse Games
586140,Arc System Works
33250
253230,Gears for Breakfast
396750,ROCKFISH Games
244930,Poppermost Productions,WastedStudios
383580,S.C. 16 BIT NIGHTS S.R.L.
250820,Valve
208500,Codemasters Birmingham
601340,AL-GAME
390670,ICE Entertainment
324800,Flying Wild Hog
245170,Lab Zero Games
606330,MrCiastku
247000,Nomad Games
354640,Blue Byte
241600,Cellar Door Games
589870,Light Bringer Games inc.
412600,Leo B
287290,"CAPCOM Co., Ltd."
331600,"KOEI TECMO GAMES CO., LTD."
619400,Amaterasu Software
38410,Black Isle Studios
448640,Soul Catapult
591560,Panda Indie Studio,WrathSchneider
481510,Infinite Fall
519190,SOFF Games
210970,"Thekla, Inc."
261110,KADOKAWA GAMES / GRASSHOPPER MANUFACTURE
201870,Ubisoft Montreal
253880,Reality Pump Studios
39510,Piranha Bytes
491530,Crenetic GmbH Studios
296490,Game in a Bottle
366090,Pipliz
644930,Numantian Games
448630,Sekerin Productions
450390,Valve
219150,Dennaton Games
261570,Moon Studios GmbH
222940,SNK CORPORATION
293260,Blue Manchu
246900,RuneStorm
332570,Fayju
591740,Gameloft
629280
705120,NEXT Studios
369990,Alexey Bokulev,Sergei Klimov,Charlie Oscar Lima Tango Interactive Entertainment
249230,Piranha Bytes
230190,Brightrock Games
351030,DL Softworks
376730,D-Games
535260,BadWolf Games
24810,EA Los Angeles
341800,Steel Crate Games
655780,Tasharen Entertainment Inc.
732730,"Rocketeer Games Studio, LLC"
530070,Dovetail Games
322500,SUPERHOT Team
12220,Rockstar North / Toronto
10540,Sports Interactive
512470,Home Net Games
509840
528070,Creobit
493370,Playsaurus
271240,Mohawk Games
515470,Czester16
745
324310,stillalive studios
282350
290300,Double Damage Games
301640,Rebellion
644570,Dieselmine
400250,Fabio Ferrara,Giulia Airoldi
409720,2K Marin,2K China,Digital Extremes,2K Australia,Blind Squirrel
9480,Volition
425340,1CC Games
24740,Criterion Games
463210,Lapovich
24800,EA Los Angeles
480430,Funcom
209660,Sledgehammer Games,Raven Software
283640,Ska Studios
428900,KHB-Soft
523150,Creobit
383150,Techland
372800,Marxnet
427490,Grey Alien Games
220440,Ninja Theory
15370,Nival
401870
326160,Portalarium
30,Valve
22300,Bethesda Game Studios
431600,Reiza Studios
223330,BlackMark Studio
272270,inXile Entertainment
327030,Team17 Digital Ltd
438010,Frozenmark Games
294860,SEGA
444480,Mihai Morosanu
263560,Ultra Runaway Games
596350
296300,Aquiris Game Studio
404410,Michael Zahniser
304650,Failbetter Games
230230,Larian Studios
570840,Team Nekojishi
496240,Downpour Interactive
730370
412170,Astronomic Games
11610,Eyedentity Games Inc.
330070,MAGIX Software GmbH
544610,Black Lab Games
512900,Matt Dabrowski
362620,Coredumping
15170,Nival
408760,Cyanide Studio
518030,ProGames Studio
102700
477770,Milestone S.r.l.
658160,Slikey Games
321800,Beamdog
22100,TaleWorlds Entertainment
21130,TT Games
203350,1C-SoftClub
628860
252690,"SmiteWorks USA, LLC"
367450,Dry Cactus
73170,Martin Ivanov
311860,New Reality Games
482920,Playata GmbH
568570,A.Y.std
562760,Nuked Games
394690,PixelTail Games
64000,Digitalmindsoft
227860,Sauropod Studio
34000,Sports Interactive
202480
429050,Old B1ood
209650,Sledgehammer Games,Raven Software
304730,Urban Games
